{
  "nodeLayouts": {
    "inputs": {
      "x": 650.3673948516785,
      "y": 62.734730380828815,
      "index": -1
    },
    "outputs": {
      "x": 646.5100811152121,
      "y": 676.7546260198433,
      "index": -1
    },
    "llm_call": {
      "x": 570.2456049780491,
      "y": 580.336396763661,
      "index": 6
    },
    "customer_lookup": {
      "x": 716.5234781748424,
      "y": 146.45625398213832,
      "index": 0
    },
    "rewrite_query": {
      "x": 402.9074614395133,
      "y": 208.91825613130374,
      "index": 1
    },
    "question_embeddings": {
      "x": 403.1734596458786,
      "y": 289.78548802601335,
      "index": 2
    },
    "rag_search": {
      "x": 405.0918724419309,
      "y": 379.72417855143607,
      "index": 3
    },
    "customer_prompt": {
      "x": 406.1591368133322,
      "y": 474.439880961978,
      "index": 5
    },
    "context": {
      "x": 716.8261052334577,
      "y": 473.321823351875,
      "index": 4
    }
  },
  "orientation": "Vertical"
}